#PrimerName,ForwardSequence,ReverseSequence,MinimumAmpliconSize,MaximumAmpliconSize,DatabaseName,SimilSpecies,SimilGenus,SimilPhylum
#18s1_F-574_R-952,GCGGTAATTCCAGCTCCAA,TTGGCAAATGCTTTCGC,325,375,silva,0.99,0.95,0.90
#18s2_TAReuk454FWD1_TAReukREV3,CCAGCASCYGCGGTAATTCC,ACTTTCGTTCTTGATYRA,350,400,silva,0.99,0.95,0.90
#COI1_mlCOIintF_jgHCO2198,GGWACWGGWTGAACWGTWTAYCCYCC,TAIACYTCIGGRTGICCRAARAAYCA,300,325,bold,0.97,0.90,0.85
#COI2_LCO1490_Reverse-ill-C-R,GGTCAACAAATCATAAAGATATTGG,GGIGGRTAIACIGTTCAICC,300,350,bold,0.97,0.90,0.85
#metaCOI1_single,GGTGCYTGAGCCGGAATAGT,CAGTTACCGAAGCCTCCTAT,132,142,bold,0.97,0.90,0.85
#metaCOI2_single,GGTGCCTGAGCCGGSATAGT,CAGTTTCCRAAICCICCRAT,132,142,bold,0.97,0.90,0.85
#metaCOI_combined,GGTGCYTGAGCCGGVATAGT,CAGTTWCCRAANCCNCCDAT,132,142,bold,0.97,0.90,0.85
#COI_BE314,CCNGAYATRGCNTTYCCNCG,GTRATNGCNCCNGCNARNAC,200,400,bold,0.97,0.90,0.85
#COI_F230,GGTCAACAAATCATAAAGATATTGG,CTTATRTTRTTTATNCGNGGRAANGC,100,330,0.97,0.90,0.85
#BF3-BR2,CCHGAYATRGCHTTYCCHCG,TCDGGRTGNCCRAARAAYCA,340,480,bold,0.97,0.90,0.85
12s200pb,GTCGGTAAAACTCGTGCCAGC,CATAGTGGGGTATCTAATCCCAGTTTG,150,190,12S,0.97,0.90,0.85
#12s350pb,CGGTAAAACTCGTGCCAGC,GGTTMTAGRACAGGCTCCTCTAGG,250,350,12S,0.97,0.90,0.85
#12sLaet,ACACCGCCCGTCACTCTC,CTTCCGGTACACTTACCA,20,100,12S_laetitia,0.98,0.90,0.85
#16sErik,CGAGAAGACCCTGTGGAGCT,ATTGCGCTGTTATCCCTAGG,180,260,16S,0.97,0.90,0.85
#CytbErik,CTAGTGGCTTGAAGAACCAC,ATGTCGGCGGTGTAGTGTAT,110,190,cytb,0.97,0.90,0.85
